TrackName,Album,Artist,Genre
Another One Bites The Dust,Greatest Hits,Queen,Rock
Asche Zu Asche,Herzeleid,Rammstein,Industrial
Beauty School Dropout,Grease,Various,Soundtrack
Black Dog,IV,Led Zeppelin,Rock
Bring The Boys Back Home,The Wall [Disc 2],Pink Floyd,Rock
Circles,Blues Is,Bryan Lee,Funk
Comfortably Numb,The Wall [Disc 2],Pink Floyd,Rock
Crazy Little Thing Called Love,Greatest Hits,Queen,Rock
Electric Funeral,Paranoid,Black Sabbath,Metal
Fat Bottomed Girls,Greatest Hits,Queen,Rock
For Those About To Rock (We Salute You),Who Made Who,AC/DC,Rock
Four Sticks,IV,Led Zeppelin,Rock
Furious Angels,The Matrix Reloaded,Rob Dougan,Soundtrack
Gelle,Blues Is,Bryan Lee,Blues/R&B
Going To California,IV,Led Zeppelin,Rock
Grease,Grease,Various,Soundtrack
Hand of Doom,Paranoid,Black Sabbath,Metal
Hells Bells,Who Made Who,AC/DC,Rock
Hey You,The Wall [Disc 2],Pink Floyd,Rock
I Worry,Blues Is,Bryan Lee,Blues/R&B
Iron Man,Paranoid,Black Sabbath,Metal
Is There Anybody Out There?,The Wall [Disc 2],Pink Floyd,Rock
It was a Very Good Year,Greatest Hits,Frank Sinatra,Easy Listening
Its Your Move,Blues Is,Bryan Lee,Blues/R&B
Jack the Stripper/Fairies Wear Boots,Paranoid,Black Sabbath,Metal
Killer Queen,Greatest Hits,Queen,Rock
Laichzeit,Herzeleid,Rammstein,Industrial
Let me Down Easy,Blues Is,Bryan Lee,Blues/R&B
Misty Mountain Hop,IV,Led Zeppelin,Rock
No Low Down,Blues Is,Bryan Lee,Blues/R&B
Now You Are Gone,Greatest Hits,America,Easy Listening
Outside The Wall,The Wall [Disc 2],Pink Floyd,Rock
Paranoid,Paranoid,Black Sabbath,Metal
Planet Caravan,Paranoid,Black Sabbath,Metal
Pretty Jeanie,Blues Is,Bryan Lee,Blues/R&B
Rammstein,Herzeleid,Rammstein,Industrial
Rat Salad,Paranoid,Black Sabbath,Metal
Rock & Roll,IV,Led Zeppelin,Rock
Rode Across the Desert,Greatest Hits,America,Easy Listening
Sandy,Grease,Various,Soundtrack
Shake Your Foundations,Who Made Who,AC/DC,Rock
Sister Golden Hair,Greatest Hits,America,Easy Listening
Somebody To Love,Greatest Hits,Queen,Rock
Stairway To Heaven,IV,Led Zeppelin,Rock
Strangers in the Night,Greatest Hits,Frank Sinatra,Easy Listening
Summer Nights,Grease,Various,Soundtrack
Summer Wind,Greatest Hits,Frank Sinatra,Easy Listening
Thats Life,Greatest Hits,Frank Sinatra,Easy Listening
The Battle Of Evermore,IV,Led Zeppelin,Rock
"The Blues ""Is""",Blues Is,Bryan Lee,Blues/R&B
There it Is,Blues Is,Bryan Lee,Blues/R&B
Think,Blues Is,Bryan Lee,Blues/R&B
This Town,Greatest Hits,Frank Sinatra,Easy Listening
Tin Man,Greatest Hits,America,Easy Listening
Track 01,Danger Zone,Billy Price,Blues/R&B
Track 02,Danger Zone,Billy Price,Blues/R&B
Track 03,Danger Zone,Billy Price,Blues/R&B
Messin with the Kid,Self Titled,The Canettes Blues Band,Blues/R&B
Track 04,Danger Zone,Billy Price,Blues/R&B
Stormy Monday,Self Titled,The Canettes Blues Band,Blues/R&B
Track 05,Danger Zone,Billy Price,Blues/R&B
Waiting on Ice,Blues Is,Bryan Lee,Blues/R&B
War Pigs/Luke's Wall,Paranoid,Black Sabbath,Metal
We Are The Champions,Greatest Hits,Queen,Rock
We Will Rock You,Greatest Hits,Queen,Rock
When Somebody Loves You,Greatest Hits,Frank Sinatra,Easy Listening
When The Levee Breaks,IV,Led Zeppelin,Rock
You are the One that I Want,Grease,Various,Soundtrack
You Done Me Wrong,Blues Is,Bryan Lee,Blues/R&B
You Shook Me All Night Long,Who Made Who,AC/DC,Rock
You're My Best Friend,Greatest Hits,Queen,Rock
Zion,The Matrix Reloaded,Fluke,Soundtrack
Who Made Who,Who Made Who,AC/DC,Rock
D.T.,Who Made Who,AC/DC,Rock
Sink the Pink,Who Made Who,AC/DC,Rock
Ride On,Who Made Who,AC/DC,Rock
Chase the Ace,Who Made Who,AC/DC,Rock
Wollt Ihr Das Bett In Flammen Sehen,Herzeleid,Rammstein,Industrial
Der Meister,Herzeleid,Rammstein,Industrial
Weisses Fleisch,Herzeleid,Rammstein,Industrial
Seemann,Herzeleid,Rammstein,Industrial
Du Riechst So Gut,Herzeleid,Rammstein,Industrial
Das Alte Leid,Herzeleid,Rammstein,Industrial
Heirate Mich,Herzeleid,Rammstein,Industrial
Herzeleid,Herzeleid,Rammstein,Industrial
Baba O'Riley,Who's Next,The Who,Rock
Bargain,Who's Next,The Who,Rock
Love Ain't for Keeping,Who's Next,The Who,Rock
My Wife,Who's Next,The Who,Rock
The Song Is Over,Who's Next,The Who,Rock
Getting In Tune,Who's Next,The Who,Rock
Going Mobile,Who's Next,The Who,Rock
Behind Blue Eyes,Who's Next,The Who,Rock
Won't Get Fooled Again,Who's Next,The Who,Rock
Folsom Prison Blues,The Legend Of Johnny Cash,Johnny Cash,Country
I Walk The Line,The Legend Of Johnny Cash,Johnny Cash,Country
Get Rhythm,The Legend Of Johnny Cash,Johnny Cash,Country
Big River,The Legend Of Johnny Cash,Johnny Cash,Country
Guess Things Happen That Way,The Legend Of Johnny Cash,Johnny Cash,Country
Ring Of Fire,The Legend Of Johnny Cash,Johnny Cash,Country
Jackson,The Legend Of Johnny Cash,Johnny Cash,Country
A Boy Named Sue (live),The Legend Of Johnny Cash,Johnny Cash,Country
You Raise Me Up,Hiding Place,Selah,Gospel & Religious
"Hold On, I'm Coming",On Tap & In the Can,The Canettes Blues Band,Blues/R&B
Got my Mojo Working,On Tap & In the Can,The Canettes Blues Band,Blues/R&B
Sweet Home Chicago,On Tap & In the Can,The Canettes Blues Band,Blues/R&B
Heavy Love,On Tap & In the Can,The Canettes Blues Band,Blues/R&B
Cold Cold Feeling,On Tap & In the Can,The Canettes Blues Band,Blues/R&B
Lonely Avenue,On Tap & In the Can,The Canettes Blues Band,Blues/R&B
Good Morning Little Schoolgirl,On Tap & In the Can,The Canettes Blues Band,Blues/R&B
Dust My Broom,On Tap & In the Can,The Canettes Blues Band,Blues/R&B
Gimme' Some Lovin,On Tap & In the Can,The Canettes Blues Band,Blues/R&B
Everybody Needs Somebody to Love,On Tap & In the Can,The Canettes Blues Band,Blues/R&B
Black Magic Woman,On Tap & In the Can,The Canettes Blues Band,Blues/R&B
Steppin' Rooster,On Tap & In the Can,The Canettes Blues Band,Blues/R&B
Our Love is Drifting,On Tap & In the Can,The Canettes Blues Band,Blues/R&B
Doin' 100,On Tap & In the Can,The Canettes Blues Band,Blues/R&B
Mother Joy,Natural Wonders Music Sampler 1999,Matt Ender,New Age
Soldier's Lament,Natural Wonders Music Sampler 1999,Steve McDonald,New Age
Dulaman,Natural Wonders Music Sampler 1999,Altan,New Age
The Arrow,Natural Wonders Music Sampler 1999,Chris Spheeris,New Age
Spanish Eyes,Natural Wonders Music Sampler 1999,La Esperanza,New Age
Banana Bay,Natural Wonders Music Sampler 1999,Luis Villegas,New Age
Aguas De Marco,Natural Wonders Music Sampler 1999,Rosa Passos,New Age
Tamborea,Natural Wonders Music Sampler 1999,Energipsy,New Age
Gone,Natural Wonders Music Sampler 1999,Hollie Smith,New Age
The Immigrant,Natural Wonders Music Sampler 1999,Joanie Madden,New Age
Pahrump-Big Water,Natural Wonders Music Sampler 1999,Cusco,New Age
Seeker's Quest,Natural Wonders Music Sampler 1999,Cheryl Gunn,New Age
Floating To Forever,Natural Wonders Music Sampler 1999,Dean Everson,New Age
Open Road,Relaxing Jazz,Jeff Bailey,Jazz
Ruby,"Yours Truly, Angry Mob",Kaiser Chiefs,Alternative & Punk
The Angry Mob,"Yours Truly, Angry Mob",Kaiser Chiefs,Alternative & Punk
Heat Dies Down,"Yours Truly, Angry Mob",Kaiser Chiefs,Alternative & Punk
Highroyds,"Yours Truly, Angry Mob",Kaiser Chiefs,Alternative & Punk
Love's Not A Competition (But I'm Winning),"Yours Truly, Angry Mob",Kaiser Chiefs,Alternative & Punk
Thank You Very Much,"Yours Truly, Angry Mob",Kaiser Chiefs,Alternative & Punk
I Can Do It Without You,"Yours Truly, Angry Mob",Kaiser Chiefs,Alternative & Punk
My Kind Of Guy,"Yours Truly, Angry Mob",Kaiser Chiefs,Alternative & Punk
Everything Is Average Nowadays,"Yours Truly, Angry Mob",Kaiser Chiefs,Alternative & Punk
Learnt My Lesson Well,"Yours Truly, Angry Mob",Kaiser Chiefs,Alternative & Punk
Try Your Best,"Yours Truly, Angry Mob",Kaiser Chiefs,Alternative & Punk
Retirement,"Yours Truly, Angry Mob",Kaiser Chiefs,Alternative & Punk
The Angry Mob [Live From Berlin],"Yours Truly, Angry Mob",Kaiser Chiefs,Alternative & Punk
I Like To Fight,"Yours Truly, Angry Mob",Kaiser Chiefs,Alternative & Punk
From The Neck Down,"Yours Truly, Angry Mob",Kaiser Chiefs,Alternative & Punk
The Wisdom of Crowds: Why the Many Are Smarter than the Few Part 1 of 3,The Wisdom of Crowds: Why the Many Are Smarter than the Few (Abridged Nonfiction),James Surowiecki,Business
The Wisdom of Crowds: Why the Many Are Smarter than the Few Part 2 of 3,The Wisdom of Crowds: Why the Many Are Smarter than the Few (Abridged Nonfiction),James Surowiecki,Business
The Wisdom of Crowds: Why the Many Are Smarter than the Few Part 3 of 3,The Wisdom of Crowds: Why the Many Are Smarter than the Few (Abridged Nonfiction),James Surowiecki,Business
The Wisdom of Crowds: Why the Many Are Smarter Than the Few (Unabridged) Part 1 of 5,The Wisdom of Crowds: Why the Many Are Smarter Than the Few (Unabridged),James Surowiecki,Nonfiction
The Wisdom of Crowds: Why the Many Are Smarter Than the Few (Unabridged) Part 2 of 5,The Wisdom of Crowds: Why the Many Are Smarter Than the Few (Unabridged),James Surowiecki,Nonfiction
The Wisdom of Crowds: Why the Many Are Smarter Than the Few (Unabridged) Part 3 of 5,The Wisdom of Crowds: Why the Many Are Smarter Than the Few (Unabridged),James Surowiecki,Nonfiction
The Wisdom of Crowds: Why the Many Are Smarter Than the Few (Unabridged) Part 4 of 5,The Wisdom of Crowds: Why the Many Are Smarter Than the Few (Unabridged),James Surowiecki,Nonfiction
The Wisdom of Crowds: Why the Many Are Smarter Than the Few (Unabridged) Part 5 of 5,The Wisdom of Crowds: Why the Many Are Smarter Than the Few (Unabridged),James Surowiecki,Nonfiction
Misty,Moonlight And Love Songs,David Osborne,Classical
My Funny Valentine,Moonlight And Love Songs,David Osborne,Classical
Since I Don't Have You,Moonlight And Love Songs,David Osborne,Classical
Tenderly,Moonlight And Love Songs,David Osborne,Classical
When I Fall In Love,Moonlight And Love Songs,David Osborne,Classical
Unforgettable,Moonlight And Love Songs,David Osborne,Classical
The Way You Look Tonight,Moonlight And Love Songs,David Osborne,Classical
I've Grown Accustomed To Your Face,Moonlight And Love Songs,David Osborne,Classical
Smoke Gets In Your Eyes,Moonlight And Love Songs,David Osborne,Classical
Fly Me To The Moon,Moonlight And Love Songs,David Osborne,Classical
Unchained Melody,Moonlight And Love Songs,David Osborne,Classical
These Foolish Things Remind Me Of You,Moonlight And Love Songs,David Osborne,Classical
La Vie En Rose,Moonlight And Love Songs,David Osborne,Classical
As Time Goes By,Moonlight And Love Songs,David Osborne,Classical
Pilot,"Fairly Legal, Season 1",Fairly Legal,Drama
hte postal service - the impor,unreleased demo,The Postal Service,Electronic
Winter Wonderland,Seasons Greatings,Bing Crosby,Holiday
Jingle Bells,Seasons Greatings,Frank Sinatra,Holiday
White Christmas,Seasons Greatings,Bing Crosby,Holiday
The Christmas Song,Seasons Greatings,Frank Sinatra,Holiday
Little Drummer Boy,Seasons Greatings,Bing Crosby,Holiday
Silent Night,Seasons Greatings,Frank Sinatra,Holiday
Let It Snow,Seasons Greatings,Bing Crosby,Holiday
Mistletoe And Holly,Seasons Greatings,Frank Sinatra,Holiday
O Holy Night,Seasons Greatings,Bing Crosby,Holiday
Have Yourself A Merry Little Christmas,Seasons Greatings,Frank Sinatra,Holiday
Do You Hear What I Hear,Seasons Greatings,Bing Crosby,Holiday
I'll Be Home For Christmas,Seasons Greatings,Frank Sinatra,Holiday
Voices,The Sickness,Disturbed,Alternative
The Game,The Sickness,Disturbed,Alternative
Stupify,The Sickness,Disturbed,Alternative
Down With The Sickness,The Sickness,Disturbed,Alternative
Violence Fetish,The Sickness,Disturbed,Alternative
Fear,The Sickness,Disturbed,Alternative
Numb,The Sickness,Disturbed,Alternative
Want,The Sickness,Disturbed,Alternative
Conflict,The Sickness,Disturbed,Alternative
Shout 2000,The Sickness,Disturbed,Alternative
Droppin' Plates,The Sickness,Disturbed,Alternative
Meaning Of Life,The Sickness,Disturbed,Alternative
Eben Upton: Raspberry Pi,Computing Conversations,IEEE Computer Society,Podcast
Andrew Tanenbaum: Writing the Book on Networks,Computing Conversations,IEEE Computer Society,Podcast
Massimo Banzi: Building Arduino,Computing Conversations,IEEE Computer Society,Podcast
John C. Hollar: History of Computing,Computing Conversations,IEEE Computer Society,Podcast
Bob Metcalfe: Ethernet at Forty,Computing Conversations,IEEE Computer Society,Podcast
Gordon Bell: Building Blocks of Computing,Computing Conversations,IEEE Computer Society,Podcast
Ian Horrocks: Standardizing OWL,Computing Conversations,IEEE Computer Society,Podcast
Katie Hafner: The Origins of the Internet,Computing Conversations,IEEE Computer Society,Podcast
Larry Smarr: Building Mosaic,Computing Conversations,IEEE Computer Society,Podcast
Len Kleinrock: The Theory of Packets,Computing Conversations,IEEE Computer Society,Podcast
Mitchell Baker: The Mozilla Foundation,Computing Conversations,IEEE Computer Society,Podcast
Pooja Sankar: Building the Piazza Collaboration System,Computing Conversations,IEEE Computer Society,Podcast
Van Jacobson: Content-Centric Networking,Computing Conversations,IEEE Computer Society,Podcast
The Apache Software Foundation,Computing Conversations,IEEE Computer Society,Podcast
A Brief History of Packets,Computing Conversations,IEEE Computer Society,Podcast
Discovering JavaScript Object Notation,Computing Conversations,IEEE Computer Society,Podcast
Inventing PHP,Computing Conversations,IEEE Computer Society,Podcast
Monash Museum of Computing History,Computing Conversations,IEEE Computer Society,Podcast
The Rise of JavaScript,Computing Conversations,IEEE Computer Society,Podcast
Joseph Hardin: NCSA Mosaic,Computing Conversations,IEEE Computer Society,Podcast
Len Kleinrock on the Internet's First Two Packets,Computing Conversations,IEEE Computer Society,Podcast
Doug Van Houweling on Building the NSFNet,Computing Conversations,IEEE Computer Society,Podcast
Computing Conversations: Nathaniel Borenstein on MIME,Computing Conversations,IEEE Computer Society,Podcast
You Don't Mess Around With Jim,Classic Hits,Jim Croce,Folk
Andrew S. Tanenbaum on MINIX,Computing Conversations,IEEE Computer Society,Podcast
Computing Conversations: Elizabeth Fong on SQL Standards,Computing Conversations,IEEE Computer Society,Podcast
Nii Quaynor on Bringing the Internet to Africa,Computing Conversations,IEEE Computer Society,Podcast
PHP-09-Transactions.mp3,SI 664 W14's official Podcast.,Created by Sakai,Podcast
PHP-01-Intro.mp3,SI 664 W14's official Podcast.,Created by Sakai,Podcast
PHP-02-Install.mp3,SI 664 W14's official Podcast.,Created by Sakai,Podcast
PHP-04-Expressions.mp3,SI 664 W14's official Podcast.,Created by Sakai,Podcast
PHP-05-Functions.mp3,SI 664 W14's official Podcast.,Created by Sakai,Podcast
PHP-06-Strings.mp3,SI 664 W14's official Podcast.,Created by Sakai,Podcast
PHP-12-Sessions.mp3,SI 664 W14's official Podcast.,Created by Sakai,Podcast
PHP-06-Objects.mp3,SI 664 W14's official Podcast.,Created by Sakai,Podcast
SI664-13-JSON-A.mp3,SI 664 W14's official Podcast.,Created by Sakai,Podcast
PHP-13-JavaScript.mp3,SI 664 W14's official Podcast.,Created by Sakai,Podcast
PHP-09-Database-Design.mp3,SI 664 W14's official Podcast.,Created by Sakai,Podcast
PHP-Tsugi-Install.mp3,SI 664 W14's official Podcast.,Created by Sakai,Podcast
PHP-10-MySQL-PDO.mp3,SI 664 W14's official Podcast.,Created by Sakai,Podcast
PHP-08-MySQL.mp3,SI 664 W14's official Podcast.,Created by Sakai,Podcast
SI664-13-JSON-B.mp3,SI 664 W14's official Podcast.,Created by Sakai,Podcast
IMS-Learning-Tools-Interoperability.mp3,SI 664 W14's official Podcast.,Created by Sakai,Podcast
An Interview with Don Waters,CNI Event Coverage,Matt Pasiewicz,Speech
PY4INF-11-Regex.mp3,Python for Informatics's official Podcast.,Recording by Dr. Chuck,Podcast
PY4INF-10-Tuples.mp3,Python for Informatics's official Podcast.,Recording by Dr. Chuck,Podcast
PY4INF-09-Dictionaries.mp3,Python for Informatics's official Podcast.,Recording by Dr. Chuck,Podcast
PY4INF-08-Lists.mp3,Python for Informatics's official Podcast.,Recording by Dr. Chuck,Podcast
PY4INF-07-Files.mp3,Python for Informatics's official Podcast.,Recording by Dr. Chuck,Podcast
PY4INF-06-Strings.mp3,Python for Informatics's official Podcast.,Recording by Dr. Chuck,Podcast
PY4INF-05-Iterations.mp3,Python for Informatics's official Podcast.,Recording by Dr. Chuck,Podcast
PY4INF-04-Functions.mp3,Python for Informatics's official Podcast.,Recording by Dr. Chuck,Podcast
PY4INF-03-Conditional.mp3,Python for Informatics's official Podcast.,Recording by Dr. Chuck,Podcast
PY4INF-02-Expressions.mp3,Python for Informatics's official Podcast.,Recording by Dr. Chuck,Podcast
PY4INF-01-Intro.mp3,Python for Informatics's official Podcast.,Recording by Dr. Chuck,Podcast
Py4Inf-11-Regex.mp3,Python for Informatics's official Podcast.,Recording by Dr. Chuck,Podcast
Py4Inf-10-Tuples.mp3,Python for Informatics's official Podcast.,Recording by Dr. Chuck,Podcast
Py4Inf-09-Dictionaries.mp3,Python for Informatics's official Podcast.,Recording by Dr. Chuck,Podcast
Py4Inf-08-Lists.mp3,Python for Informatics's official Podcast.,Recording by Dr. Chuck,Podcast
Py4Inf-07-Files.mp3,Python for Informatics's official Podcast.,Recording by Dr. Chuck,Podcast
Py4Inf-06-Strings.mp3,Python for Informatics's official Podcast.,Recording by Dr. Chuck,Podcast
Py4Inf-05-Iterations.mp3,Python for Informatics's official Podcast.,Recording by Dr. Chuck,Podcast
Py4Inf-04-Functions.mp3,Python for Informatics's official Podcast.,Recording by Dr. Chuck,Podcast
Py4Inf-03-Conditional.mp3,Python for Informatics's official Podcast.,Recording by Dr. Chuck,Podcast
Py4Inf-02-Expressions.mp3,Python for Informatics's official Podcast.,Recording by Dr. Chuck,Podcast
Py4Inf-01-Intro.mp3,Python for Informatics's official Podcast.,Recording by Dr. Chuck,Podcast
Ian Foster on the Globus Project,Computing Conversations,IEEE Computer Society,Podcast
Khan Academy and Computer Science,Computing Conversations,IEEE Computer Society,Podcast
Guido van Rossumon the Early Years of Python,Computing Conversations,IEEE Computer Society,Podcast
Guido van Rossum on the Modern Era of Python,Computing Conversations,IEEE Computer Society,Podcast
John Resig on Building jQuery,Computing Conversations,IEEE Computer Society,Podcast
Roy T. Fielding on Understanding the REST Style,Computing Conversations,IEEE Computer Society,Podcast
Anil Jain: 25 Years of Biometric Recognition,Computing Conversations,IEEE Computer Society,Podcast
Waste Management,"Undercover Boss, Season 1",Undercover Boss,Reality TV
Sleep Like a Baby Tonight,Songs of Innocence,U2,Rock
Evergreen,Warpaint,The Black Crowes,Rock
Oh Josephine,Warpaint,The Black Crowes,Rock
Movin' On Down the Line,Warpaint,The Black Crowes,Rock
Wounded Bird,Warpaint,The Black Crowes,Rock
Volcano,Songs of Innocence,U2,Rock
Wee Who See the Deep,Warpaint,The Black Crowes,Rock
Cedarwood Road,Songs of Innocence,U2,Rock
Locust Street,Warpaint,The Black Crowes,Rock
Raised By Wolves,Songs of Innocence,U2,Rock
The Troubles,Songs of Innocence,U2,Rock
This Is Where You Can Reach Me Now,Songs of Innocence,U2,Rock
God's Got It,Warpaint,The Black Crowes,Rock
California (There Is No End to Love),Songs of Innocence,U2,Rock
Every Breaking Wave,Songs of Innocence,U2,Rock
Interview With the Onion News Network,"Onion News Network, Season 1",Onion News Network,Comedy
Song for Someone,Songs of Innocence,U2,Rock
The Miracle (Of Joey Ramone),Songs of Innocence,U2,Rock
Iris (Hold Me Close),Songs of Innocence,U2,Rock
Goodbye Daughters of the Revolution,Warpaint,The Black Crowes,Rock
Walk Believer Walk,Warpaint,The Black Crowes,Rock
Choice Hotels International,"Undercover Boss, Season 2",Undercover Boss,Reality TV
Microchip,YouTube Audio Library,Jason Farnham,Dance & Electronic
Anant Agarwal,Computing Conversations,IEEE Computer Society,Podcast
